HST,Harry Styles,Singer-songwriter,/m/0h3cm8d
JRO,J K Rowling,British novelist,/m/042xh
VBE,Victoria Beckham,Businesswoman,/m/0cgfb
SFR,Stephen Fry,Comedian,/m/0h0yt
RBR,Richard Branson,Business magnate,/m/0n839
SCO,Simon Cowell,A&R executive,/m/01pfkw
RBA,Russell Brand,Comedian,/m/06crng
RFE,Rio Ferdinand,Football player,/m/018f19
GLI,Gary Lineker,Football player,/m/039kn
JCL,Jeremy Clarkson,Broadcaster,/m/01nbq4
EIZ,Eddie Izzard,Comedian,/m/0126rp
IMC,Ian McKellan,Actor,/m/03ym1
PST,Patrick Stewart,Actor,/m/0jbp0
BCO,Brian Cox,Physicist,/g/121d1858
IEL,Idris Elba,Actor,/m/04v7kt
DWA,David Walliams,Actor,/m/02_j7t
ACH,Alexa Chung,Writer,/m/0cjqjn
FWE,Florence Welch,Musician,/m/0hgrr7c
EJO,Elton John,Singer,/m/01vrz41
AIA,Armando Iannucci,Satirist,/m/01wd3l
PFA,Paloma Faith,Singer-songwriter,/m/0660hs9
MLE,Martin Lewis,Journalist,/m/0fm09c
BPI,Billie Piper,Actor,/m/025mp5
ACA,Alistair Campbell,Politician,
JBA,John Barnes,Football player,/m/02vmvk
BBR,Billy Bragg,Singer-songwriter,/m/014cw2
DAL,Damon Albarn,Musician,
OAL,Olly Alexander,Musician,/m/0g54904
TNE,Thandie Newton,Actor,/m/02cpb7
ASO,Anna Soubry,Member of Parliament,/m/02qrzk8
RFR,Rebecca Front,Actor,/m/024m70
PPU,Phillip Pulman,Author,/m/098sx
BGE,Bobby George,TV Presenter,
LCO,Lily Cole,Model,/m/06l1yh
DWE,Dominic West,Actor,/m/0686zv
TEM,Tracey Emin,Artist,/m/015sxw
JPO,Jonathan Powell,Diplomat,/m/0c8q96
JCE,John Cleese,Actor,/m/041c4
VPA,Vicky Pattison,TV Personality,/m//m/0j_5328
JCO,Jeremy Corbyn,Leader of Labour Party,/m/025m87
NFA,Nigel Farage,Member of European Parliament,/m/025qb6
KHO,Katie Hopkins,Media Personality,/m/02r9469
TMA,Theresa May,Prime Minister,/m/01zczs
DBA,Duncan Bannatyne,Entrepreneur,/m/0bw7qg
MCA,Michael Caine,Actor,/m/0gnbw
LHU,Liz Hurley,Actor,/m/01pnn3
BJO,Boris Johnson,Member of Parliament,/m/0h508
TPA,Theo Paphitis,Businessman,/m/0br06k
JRE,Jacob Rees-Mogg,Member of Parliament,/m/0gd_l6
LME,Louise Mensch,Former MP,/m/08w9gj
JCI,Joan Collins,Actor,/m/0dx_q
KCH,Keith Chegwin,TV Presenter,/m/Keith Chegwin
DHA,Daniel Hannan,Member of European Parliament,/m/035vb0
DDA,David Davis,Member of Parliament,/m/01zg17
MGO,Michael Gove,Secretary of State for Environment,/m/04ps6c
LFO,Liam Fox,Secretary of State for International Trade,/m/01_13f
DCA,Douglas Carswell,Member of Parliament,/m/062r5f
JRD,John Redwood,Member of Parliament,/m/015rxq
DRA,Dominic Raab,Member of Parliament,/m/Dominic Raab
EPA,Elaine Paige,Singer,/m/025dnm
CBA,Cheryl Baker,TV Presenter,/m/01whr0t
DKA,Daniel Kawczynski,Member of Parliament,/m/060x66
MEL,Matthew Elliott,Chief Executive of the Vote Leave,/m/0j7l7sv
MPO,Michael Portillo,Journalist,/m/01d0lr
JDY,James Dyson,Inventor,/m/0209vm
JRA,Jim Ratcliffe,Financier,/m/02qw1bw
PMO,Piers Morgan,Journalist,/m/02pjzn
XXX,,,